{"accuracy": [0.6094886064529419, 0.8610427379608154, 0.9171065092086792, 0.9416032433509827, 0.9571662545204163, 0.9667828679084778, 0.9725300669670105, 0.976854681968689, 0.979642927646637, 0.9825592041015625], "loss": [1.3222601413726807, 0.43601784110069275, 0.2602587044239044, 0.17843298614025116, 0.12952947616577148, 0.10229821503162384, 0.08697890490293503, 0.07069913297891617, 0.06255833059549332, 0.05209176614880562], "val_accuracy": [0.8538014888763428, 0.8928977847099304, 0.9178237915039062, 0.9326769709587097, 0.9463350772857666, 0.9482699632644653, 0.9610744118690491, 0.9531641006469727, 0.9731391072273254, 0.9688140153884888], "val_loss": [0.4777815341949463, 0.3274615406990051, 0.25261932611465454, 0.2093360424041748, 0.17359526455402374, 0.1737012267112732, 0.1198546513915062, 0.1541805863380432, 0.08850859105587006, 0.1072005033493042]}